,count,mean,std,min,25%,50%,75%,max,CV (%)
seller_zip_code_prefix,3095.0,32291.059450726978,32713.453829509002,1001.0,7093.5,14940.0,64552.5,99730.0,101.31
