,count,mean,std,min,25%,50%,75%,max,CV (%)
review_score,99224.0,4.08642062404257,1.3475791311150982,1.0,4.0,5.0,5.0,5.0,32.98
