,count,mean,std,min,25%,50%,75%,max,CV (%)
customer_zip_code_prefix,99441.0,35137.47458291851,29797.938996206118,1003.0,11347.0,24416.0,58900.0,99990.0,84.8
